cpuName,price,cpuMark,cpuValue,threadMark,threadValue,TDP,powerPerf,cores,testDate,socket,category
AMD Ryzen Threadripper PRO 3995WX,6807.98,83971,12.33,2626,0.39,280.0,299.9,64,2020,sWRX8,Desktop
AMD Ryzen Threadripper 3990X,8399.69,81568,9.71,2569,0.31,280.0,291.31,64,2020,sTRX4,Desktop
AMD Ryzen Threadripper 3970X,2997.99,63835,21.29,2694,0.9,280.0,227.98,32,2019,sTRX4,Desktop
AMD Ryzen Threadripper PRO 3975WX,4499.99,63495,14.11,2666,0.59,280.0,226.77,32,2020,sWRX8,Desktop
AMD Ryzen Threadripper 3960X,1682.9,54757,32.54,2678,1.59,280.0,195.56,24,2019,sTRX4,Desktop
AMD Ryzen 9 5950X,649.74,46195,71.1,3498,5.38,105.0,439.96,16,2020,AM4,Desktop
Intel Core i9-12900KS,779.98,44243,56.72,4317,5.53,150.0,294.95,8,2022,LGA1700,Desktop
Intel Core i9-12900KF,572.98,41163,71.84,4217,7.36,241.0,170.8,8,2021,LGA1700,Desktop
Intel Core i9-12900K,599.95,41077,68.47,4209,7.02,241.0,170.44,8,2021,LGA1700,Desktop
AMD Ryzen Threadripper PRO 3955WX,1995.0,40225,20.16,2696,1.35,280.0,143.66,16,2020,sWRX8,Desktop
AMD Ryzen 9 5900X,393.03,39457,100.39,3494,8.89,105.0,375.78,12,2020,AM4,Desktop
AMD Ryzen 9 3950X,650.0,39157,60.24,2738,4.21,105.0,372.92,16,2019,AM4,Desktop
Intel Core i9-12900,509.0,38281,75.21,4162,8.18,65.0,588.95,8,2022,LGA1700,Desktop
Intel Core i9-12900F,529.99,35726,67.41,4045,7.63,65.0,549.63,8,2022,LGA1700,Desktop
Intel Core i9-12900T,489.0,34999,71.57,4032,8.25,35.0,999.97,8,2022,LGA1700,Desktop
Intel Core i7-12700K,409.0,34125,83.44,4047,9.9,190.0,179.61,8,2021,LGA1700,Desktop
Intel Core i7-12700KF,350.99,34110,97.18,4054,11.55,190.0,179.53,8,2021,LGA1700,Desktop
Intel Core i9-10980XE @ 3.00GHz,999.99,33408,33.41,2667,2.67,165.0,202.47,18,2019,LGA2066,Desktop
AMD Ryzen 9 3900XT,618.77,32869,53.12,2786,4.5,105.0,313.04,12,2020,AM4,Desktop
AMD Ryzen 9 3900X,359.0,32751,91.23,2725,7.59,105.0,311.92,12,2019,AM4,Desktop
AMD Ryzen Threadripper 2990WX,2100.0,32475,15.46,2290,1.09,250.0,129.9,32,2018,sTR4,Desktop
Intel Core i7-12700F,312.96,32268,103.11,3987,12.74,65.0,496.43,8,2022,LGA1700,Desktop
Intel Core i9-9980XE @ 3.00GHz,1442.21,31905,22.12,2566,1.78,165.0,193.37,18,2018,LGA2066,Desktop
Intel Core i7-12700,328.0,31659,96.52,3948,12.04,65.0,487.07,8,2022,LGA1700,Desktop
AMD Ryzen 9 3900,517.27,30660,59.27,2627,5.08,65.0,471.7,12,2019,AM4,Desktop
Intel Core i9-9960X @ 3.10GHz,1498.95,30655,20.45,2631,1.76,165.0,185.79,16,2019,LGA2066,Desktop
AMD Ryzen Threadripper 2970WX,669.0,30433,45.49,2358,3.52,250.0,121.73,24,2018,sTR4,Desktop
Intel Core i9-9990XE @ 4.00GHz,2163.0,30162,13.94,2970,1.37,255.0,118.28,14,2020,LGA2066,Desktop
AMD Ryzen Threadripper 2950X,990.0,29981,30.28,2488,2.51,180.0,166.56,16,2018,sTR4,Desktop
Intel Core i9-7980XE @ 2.60GHz,816.42,29842,36.55,2474,3.03,165.0,180.86,18,2017,LGA2066,Desktop
Intel Core i9-10940X @ 3.30GHz,771.99,28619,37.07,2724,3.53,165.0,173.45,14,2019,LGA2066,Desktop
Intel Core i9-9940X @ 3.30GHz,841.4,28411,33.77,2647,3.15,165.0,172.19,14,2018,LGA2066,Desktop
AMD Ryzen 7 5800X,333.99,28368,84.94,3485,10.43,105.0,270.17,8,2020,AM4,Desktop
AMD Ryzen Threadripper 1950X,684.47,28037,40.96,2293,3.35,180.0,155.76,16,2017,sTR4,Desktop
Intel Xeon W-2275 @ 3.30GHz,1112.0,27904,25.09,2790,2.51,165.0,169.12,14,2020,LGA2066,Desktop
Intel Core i5-12600K,277.98,27429,98.67,3965,14.26,150.0,182.86,6,2021,LGA1700,Desktop
Intel Core i5-12600KF,260.98,27186,104.17,3967,15.2,150.0,181.24,6,2021,LGA1700,Desktop
AMD Ryzen 7 5700X,299.0,27065,90.52,3397,11.36,65.0,416.38,8,2022,AM4,Desktop
Intel Core i9-7960X @ 2.80GHz,990.97,26699,26.94,2525,2.55,165.0,161.81,16,2017,LGA2066,Desktop
Intel Core i9-10920X @ 3.50GHz,679.99,26696,39.26,2766,4.07,165.0,161.79,12,2019,LGA2066,Desktop
Intel Core i9-7940X @ 3.10GHz,548.87,26508,48.3,2490,4.54,165.0,160.65,14,2017,LGA2066,Desktop
Intel Core i9-11900K @ 3.50GHz,397.97,25539,64.17,3519,8.84,125.0,204.31,8,2021,LGA1200,Desktop
AMD Ryzen 7 5800X3D,599.0,25508,42.58,2850,4.76,105.0,242.93,8,2022,AM4,Desktop
Intel Core i9-11900KF @ 3.50GHz,379.98,25390,66.82,3563,9.38,125.0,203.12,8,2021,LGA1200,Desktop
Intel Core i9-9920X @ 3.50GHz,999.0,25291,25.32,2621,2.62,165.0,153.28,12,2018,LGA2066,Desktop
AMD Ryzen Threadripper 2920X,761.0,25203,33.12,2482,3.26,180.0,140.01,12,2018,sTR4,Desktop
Intel Core i7-11700K @ 3.60GHz,297.0,24749,83.33,3429,11.55,125.0,197.99,8,2020,LGA1200,Desktop
AMD Ryzen 7 5700G,233.0,24545,105.34,3281,14.08,65.0,377.62,8,2021,AM4,Desktop
Intel Core i7-11700KF @ 3.60GHz,279.0,24147,86.55,3420,12.26,125.0,193.17,8,2021,LGA1200,Desktop
AMD Ryzen 7 3800XT,391.65,23815,60.81,2845,7.26,105.0,226.81,8,2020,AM4,Desktop
Intel Core i9-11900F @ 2.50GHz,379.99,23814,62.67,3528,9.28,65.0,366.37,8,2021,LGA1200,Desktop
Intel Core i9-10900K @ 3.70GHz,389.97,23768,60.95,3167,8.12,125.0,190.14,10,2020,LGA1200,Desktop
Intel Core i9-10900KF @ 3.70GHz,339.99,23508,69.14,3141,9.24,125.0,188.06,10,2020,LGA1200,Desktop
Intel Core i9-7920X @ 2.90GHz,375.0,23292,62.11,2467,6.58,140.0,166.37,12,2017,LGA2066,Desktop
AMD Ryzen 7 3800X,248.59,23275,93.63,2735,11.0,105.0,221.67,8,2019,AM4,Desktop
Intel Core i9-11900 @ 2.50GHz,347.88,23117,66.45,3443,9.9,65.0,355.65,8,2021,LGA1200,Desktop
Intel Core i9-10850K @ 3.60GHz,408.44,23055,56.45,3091,7.57,125.0,184.44,10,2020,LGA1200,Desktop
AMD Ryzen Threadripper 1920X,299.99,22903,76.35,2300,7.67,180.0,127.24,12,2017,sTR4,Desktop
AMD Ryzen 7 PRO 3700,329.99,22800,69.09,2673,8.1,65.0,350.76,8,2019,AM4,Desktop
Intel Core i9-11900KB @ 3.30GHz,539.0,22769,42.24,3303,6.13,65.0,350.29,8,2021,FCBGA1787,Desktop
AMD Ryzen 7 3700X,367.52,22716,61.81,2680,7.29,65.0,349.48,8,2019,AM4,Desktop
Intel Core i7-12700T,339.0,22688,66.93,3295,9.72,35.0,648.24,8,2022,LGA1700,Desktop
Intel Core i9-10900X @ 3.70GHz,560.0,22683,40.51,2696,4.81,165.0,137.47,10,2019,LGA2066,Desktop
AMD Ryzen 5 5600X,216.99,22088,101.79,3377,15.56,65.0,339.82,6,2020,AM4,Desktop
Intel Core i9-9900X @ 3.50GHz,654.99,21868,33.39,2604,3.98,165.0,132.54,10,2018,LGA2066,Desktop
Intel Core i7-11700F @ 2.50GHz,289.99,21447,73.96,3339,11.51,65.0,329.95,8,2021,LGA1200,Desktop
Intel Core i5-12600,238.97,21368,89.42,3883,16.25,65.0,328.73,6,2022,LGA1700,Desktop
AMD Ryzen 5 5600,189.99,21350,112.37,3208,16.88,65.0,328.46,6,2022,AM4,Desktop
Intel Core i9-7900X @ 3.30GHz,269.98,21310,78.93,2594,9.61,140.0,152.21,10,2017,LGA2066,Desktop
Intel Core i9-10900F @ 2.80GHz,350.0,20881,59.66,3070,8.77,65.0,321.25,10,2020,LGA1200,Desktop
Intel Core i7-11700 @ 2.50GHz,316.99,20588,64.95,3146,9.92,95.0,216.72,8,2021,LGA1200,Desktop
AMD Ryzen 7 PRO 4750G,299.99,20570,68.57,2710,9.03,65.0,316.46,8,2020,AM4,Desktop
Intel Core i9-10900 @ 2.80GHz,389.97,20446,52.43,3057,7.84,65.0,314.55,10,2020,LGA1200,Desktop
Intel Core i5-12500,202.0,20309,100.54,3759,18.61,65.0,312.45,6,2022,LGA1700,Desktop
Intel Core i9-11900T @ 1.50GHz,439.0,20225,46.07,3419,7.79,35.0,577.86,8,2021,LGA1200,Desktop
AMD Ryzen 7 4700G,319.0,20138,63.13,2758,8.65,65.0,309.82,8,2020,AM4,Desktop
AMD Ryzen 5 5500,159.0,19949,125.46,3096,19.47,65.0,306.9,6,2022,AM4,Desktop
AMD Ryzen 5 5600G,179.97,19830,110.19,3187,17.71,65.0,305.08,6,2021,AM4,Desktop
Intel Core i5-11600K @ 3.90GHz,209.99,19781,94.2,3374,16.07,125.0,158.25,6,2021,LGA1200,Desktop
Intel Core i5-11600KF @ 3.90GHz,232.49,19742,84.91,3359,14.45,125.0,157.93,6,2021,LGA1200,Desktop
Intel Core i5-12400F,174.98,19659,112.35,3567,20.39,65.0,302.44,6,2022,LGA1700,Desktop
Intel Core i5-12400,192.0,19571,101.93,3532,18.4,65.0,301.09,6,2022,LGA1700,Desktop
Intel Core i9-9900KS @ 4.00GHz,898.3,19518,21.73,3039,3.38,127.0,153.69,8,2019,LGA1151,Desktop
Intel Core i7-10700K @ 3.80GHz,328.98,19277,58.6,3074,9.34,125.0,154.22,8,2020,LGA1200,Desktop
Intel Core i7-10700KF @ 3.80GHz,309.99,19143,61.75,3056,9.86,125.0,153.14,8,2020,LGA1200,Desktop
AMD Ryzen 5 3600XT,327.52,18780,57.34,2794,8.53,95.0,197.69,6,2020,AM4,Desktop
Intel Core i9-9900K @ 3.60GHz,622.0,18716,30.09,2960,4.76,95.0,197.02,8,2018,LGA1151,Desktop
Intel Core i9-9900KF @ 3.60GHz,502.13,18691,37.22,2968,5.91,95.0,196.75,8,2019,LGA1151,Desktop
Intel Core i5-11600 @ 2.80GHz,216.41,18318,84.64,3302,15.26,65.0,281.81,6,2021,LGA1200,Desktop
Intel Core i9-9820X @ 3.30GHz,685.0,18288,26.7,2406,3.51,165.0,110.84,10,2018,LGA2066,Desktop
AMD Ryzen 5 3600X,209.99,18285,87.08,2670,12.71,95.0,192.47,6,2019,AM4,Desktop
Intel Core i7-9800X @ 3.80GHz,650.0,18240,28.06,2595,3.99,165.0,110.54,8,2018,LGA2066,Desktop
AMD Ryzen 5 3600,153.49,17822,116.11,2576,16.78,65.0,274.18,6,2019,AM4,Desktop
Intel Core i5-12500T,202.0,17728,87.76,3618,17.91,35.0,506.53,6,2022,LGA1700,Desktop
Intel Core i5-11500 @ 2.70GHz,197.19,17626,89.38,3153,15.99,65.0,271.17,6,2021,LGA1200,Desktop
AMD Ryzen 7 2700X,212.98,17578,82.54,2436,11.44,105.0,167.41,8,2018,AM4,Desktop
Intel Core i7-7820X @ 3.60GHz,709.0,17283,24.38,2539,3.58,140.0,123.45,8,2017,LGA2066,Desktop
Intel Core i5-11400F @ 2.60GHz,149.99,17213,114.76,3023,20.15,65.0,264.82,6,2021,LGA1200,Desktop
Intel Core i5-11400 @ 2.60GHz,174.21,17132,98.34,3048,17.5,65.0,263.57,6,2021,LGA1200,Desktop
Intel Core i7-10700F @ 2.90GHz,249.99,16973,67.89,2919,11.67,65.0,261.12,8,2020,LGA1200,Desktop
AMD Ryzen Threadripper 1900X,249.99,16955,67.82,2343,9.37,180.0,94.19,8,2017,sTR4,Desktop
Intel Core i7-10700 @ 2.90GHz,268.99,16946,63.0,2922,10.86,65.0,260.71,8,2020,LGA1200,Desktop
Intel Core i9-9900 @ 3.10GHz,458.99,16873,36.76,2863,6.24,65.0,259.58,8,2019,LGA1151,Desktop
AMD Ryzen 5 4500,141.75,16698,117.8,2605,18.38,65.0,256.89,6,2022,AM4,Desktop
AMD Ryzen 5 PRO 4650G,257.36,16428,63.83,2664,10.35,65.0,252.73,6,2020,AM4,Desktop
AMD Ryzen 7 1800X,178.03,16306,91.59,2186,12.28,95.0,171.64,8,2017,AM4,Desktop
AMD Ryzen 7 2700,254.2,15654,61.58,2197,8.64,65.0,240.82,8,2018,AM4,Desktop
AMD Ryzen 7 1700X,168.06,15496,92.21,2074,12.34,95.0,163.12,8,2017,AM4,Desktop
Intel Core i7-11700T @ 1.40GHz,323.0,15271,47.28,2859,8.85,35.0,436.3,8,2021,LGA1200,Desktop
Intel Core i5-11600T @ 1.70GHz,213.0,15254,71.61,2884,13.54,35.0,435.82,6,2021,LGA1200,Desktop
Intel Core i9-10900T @ 1.90GHz,439.0,15134,34.47,2523,5.75,35.0,432.4,10,2020,LGA1200,Desktop
Intel Core i3-12300,143.0,14955,104.58,3673,25.68,60.0,249.26,4,2022,LGA1700,Desktop
AMD Ryzen 7 1700,152.68,14628,95.81,1985,13.0,65.0,225.05,8,2017,AM4,Desktop
Intel Core i5-10600KF @ 4.10GHz,184.98,14575,78.79,2948,15.94,125.0,116.6,6,2020,LGA1200,Desktop
Intel Core i7-9700K @ 3.60GHz,390.99,14550,37.21,2899,7.42,95.0,153.16,8,2018,LGA1151,Desktop
Intel Core i7-8086K @ 4.00GHz,549.0,14550,26.5,2895,5.27,95.0,153.16,6,2018,LGA1151,Desktop
Intel Core i5-10600K @ 4.10GHz,212.97,14534,68.24,2936,13.78,125.0,116.27,6,2020,LGA1200,Desktop
Intel Core i3-12100,122.0,14503,118.88,3549,29.09,60.0,241.72,4,2022,LGA1700,Desktop
Intel Core i7-9700KF @ 3.60GHz,424.99,14499,34.12,2920,6.87,95.0,152.62,8,2019,LGA1151,Desktop
AMD Ryzen 5 2600X,154.39,14053,91.02,2406,15.58,95.0,147.92,6,2018,AM4,Desktop
Intel Core i9-9900T @ 2.10GHz,439.0,13947,31.77,2505,5.71,35.0,398.49,8,2019,LGA1151,Desktop
Intel Core i5-10600 @ 3.30GHz,219.99,13928,63.31,2911,13.23,65.0,214.27,6,2020,LGA1200,Desktop
Intel Core i7-8700K @ 3.70GHz,309.0,13850,44.82,2764,8.95,95.0,145.79,6,2017,LGA1151,Desktop
Intel Core i5-11500T @ 1.50GHz,192.0,13820,71.98,2571,13.39,35.0,394.85,6,2021,LGA1200,Desktop
Intel Core i7-9700F @ 3.00GHz,340.99,13462,39.48,2796,8.2,65.0,207.11,8,2019,LGA1151,Desktop
Intel Core i7-9700 @ 3.00GHz,322.85,13385,41.46,2782,8.62,65.0,205.93,8,2019,LGA1151,Desktop
AMD Ryzen 5 3500X,184.95,13319,72.01,2525,13.65,65.0,204.91,6,2019,AM4,Desktop
AMD Ryzen 5 2600,124.88,13195,105.66,2250,18.02,65.0,202.99,6,2018,AM4,Desktop
Intel Core i7-10700T @ 2.00GHz,447.99,13119,29.28,2661,5.94,35.0,374.82,8,2020,LGA1200,Desktop
Intel Core i5-11400T @ 1.30GHz,182.0,13078,71.86,2549,14.0,35.0,373.67,6,2021,LGA1200,Desktop
Intel Core i5-10500 @ 3.10GHz,209.88,13056,62.21,2785,13.27,65.0,200.86,6,2020,LGA1200,Desktop
Intel Core i7-8700 @ 3.20GHz,260.99,13046,49.99,2662,10.2,65.0,200.71,6,2017,LGA1151,Desktop
AMD Ryzen 5 1600X,169.46,12943,76.38,2183,12.88,95.0,136.25,6,2017,AM4,Desktop
Intel Core i7-7800X @ 3.50GHz,199.99,12864,64.33,2414,12.07,140.0,91.89,6,2017,LGA2066,Desktop
Intel Core i3-12100T,122.0,12767,104.65,3412,27.96,35.0,364.77,4,2022,LGA1700,Desktop
AMD Ryzen 3 3300X,269.99,12746,47.21,2689,9.96,65.0,196.1,4,2020,AM4,Desktop
Intel Core i5-10400F @ 2.90GHz,124.99,12439,99.52,2572,20.58,65.0,191.37,6,2020,LGA1200,Desktop
Intel Core i5-10400 @ 2.90GHz,149.99,12320,82.14,2587,17.25,65.0,189.53,6,2020,LGA1200,Desktop
AMD Ryzen 5 1600,159.82,12314,77.05,2074,12.98,65.0,189.45,6,2017,AM4,Desktop
Intel Core i7-9700E @ 2.60GHz,323.0,12239,37.89,2576,7.97,65.0,188.3,8,2020,LGA1151,Desktop
AMD Ryzen 3 3100,137.95,11660,84.52,2427,17.59,65.0,179.38,4,2020,AM4,Desktop
Intel Core i5-10600T @ 2.40GHz,213.0,11376,53.41,2422,11.37,35.0,325.02,6,2020,LGA1200,Desktop
Intel Core i5-9600KF @ 3.70GHz,159.0,10838,68.16,2786,17.52,95.0,114.08,6,2019,LGA1151,Desktop
Intel Core i5-9600K @ 3.70GHz,232.6,10793,46.4,2773,11.92,95.0,113.61,6,2018,LGA1151,Desktop
Intel Core i7-9700T @ 2.00GHz,323.0,10736,33.24,2445,7.57,35.0,306.74,8,2019,LGA1151,Desktop
Intel Core i7-8700T @ 2.40GHz,343.02,10431,30.41,2366,6.9,35.0,298.04,6,2018,LGA1151,Desktop
Intel Core i5-9600 @ 3.10GHz,256.55,10369,40.42,2751,10.72,65.0,159.53,6,2019,LGA1151,Desktop
Intel Core i5-10500T @ 2.30GHz,192.0,10365,53.98,2342,12.2,35.0,296.14,6,2020,LGA1200,Desktop
Intel Core i5-9500F @ 3.00GHz,182.0,10330,56.76,2676,14.7,65.0,158.92,6,2019,LGA1151,Desktop
Intel Core i3-10325 @ 3.90GHz,154.0,10308,66.94,2890,18.77,65.0,158.59,4,2022,LGA1200,Desktop
Intel Core i5-8600K @ 3.60GHz,235.99,10195,43.2,2609,11.05,95.0,107.32,6,2017,LGA1151,Desktop
Intel Core i3-10320 @ 3.80GHz,133.95,10115,75.51,2848,21.26,65.0,155.61,4,2020,LGA1200,Desktop
Intel Core i5-10400T @ 2.00GHz,182.0,10052,55.23,2168,11.91,35.0,287.2,6,2020,LGA1200,Desktop
Intel Core i7-7740X @ 4.30GHz,225.99,9864,43.65,2805,12.41,112.0,88.07,4,2017,LGA2066,Desktop
Intel Core i5-8600 @ 3.10GHz,275.67,9849,35.73,2582,9.36,65.0,151.52,6,2018,LGA1151,Desktop
Intel Core i5-9500 @ 3.00GHz,297.59,9698,32.59,2578,8.66,65.0,149.2,6,2019,LGA1151,Desktop
Intel Core i3-10305 @ 3.80GHz,159.99,9689,60.56,2834,17.71,65.0,149.06,4,2021,LGA1200,Desktop
Intel Core i5-8500 @ 3.00GHz,190.0,9576,50.4,2485,13.08,65.0,147.32,6,2018,LGA1151,Desktop
Intel Core i5-9400 @ 2.90GHz,139.99,9478,67.71,2479,17.71,65.0,145.82,6,2019,LGA1151,Desktop
AMD Ryzen 5 3400G,228.0,9331,40.93,2360,10.35,65.0,143.56,4,2019,AM4,Desktop
Intel Core i3-10300 @ 3.70GHz,138.99,9284,66.79,2677,19.26,65.0,142.82,4,2020,LGA1200,Desktop
Intel Core i5-8400 @ 2.80GHz,230.0,9222,40.1,2404,10.45,65.0,141.88,6,2017,LGA1151,Desktop
AMD Ryzen 5 1500X,120.36,9083,75.47,2110,17.53,65.0,139.75,4,2017,AM4,Desktop
Intel Core i3-10105 @ 3.70GHz,107.0,8928,83.44,2718,25.4,65.0,137.36,4,2021,LGA1200,Desktop
Intel Core i3-10100F @ 3.60GHz,79.99,8854,110.69,2604,32.56,65.0,136.22,4,2020,LGA1200,Desktop
Intel Core i3-10100 @ 3.60GHz,112.99,8800,77.88,2637,23.34,65.0,135.39,4,2020,LGA1200,Desktop
AMD Ryzen 5 2400G,214.0,8729,40.79,2158,10.09,65.0,134.29,4,2018,AM4,Desktop
Intel Core i5-9600T @ 2.30GHz,213.0,8393,39.4,2175,10.21,35.0,239.79,6,2019,LGA1151,Desktop
Intel Core i5-9500T @ 2.20GHz,192.0,8256,43.0,2200,11.46,35.0,235.88,6,2019,LGA1151,Desktop
Intel Core i5-8600T @ 2.30GHz,199.99,8227,41.14,2180,10.9,35.0,235.06,6,2018,LGA1151,Desktop
Intel Core i3-10305T @ 3.00GHz,143.0,8136,56.9,2456,17.18,35.0,232.46,4,2021,LGA1200,Desktop
Intel Core i3-10300T @ 3.00GHz,174.28,7997,45.89,2350,13.49,35.0,228.49,4,2020,LGA1200,Desktop
Intel Core i3-10105T @ 3.00GHz,122.0,7850,64.34,2350,19.26,35.0,224.28,4,2021,LGA1200,Desktop
Intel Core i5-9400T @ 1.80GHz,182.0,7819,42.96,2057,11.3,35.0,223.39,6,2019,LGA1151,Desktop
AMD Ryzen 5 1400,109.65,7783,70.98,1904,17.36,65.0,119.74,4,2017,AM4,Desktop
Intel Core i5-8500T @ 2.10GHz,247.53,7699,31.11,2045,8.26,35.0,219.98,6,2018,LGA1151,Desktop
Intel Core i3-9350K @ 4.00GHz,293.22,7694,26.24,2823,9.63,91.0,84.55,4,2020,LGA1151,Desktop
AMD Ryzen 3 2300X,178.09,7566,42.48,2364,13.28,65.0,116.4,4,2019,AM4,Desktop
Intel Core i7-7700T @ 2.90GHz,390.0,7561,19.39,2156,5.53,35.0,216.04,4,2017,LGA1151,Desktop
Intel Core i5-8400T @ 1.70GHz,239.84,7447,31.05,1924,8.02,35.0,212.77,6,2018,LGA1151,Desktop
Intel Core i3-9320 @ 3.70GHz,217.97,7358,33.76,2711,12.44,62.0,118.68,4,2019,LGA1151,Desktop
Intel Core i3-9350KF @ 4.00GHz,207.36,7318,35.29,2666,12.86,91.0,80.42,4,2019,LGA1151,Desktop
Intel Core i3-9300 @ 3.70GHz,194.99,7279,37.33,2666,13.67,62.0,117.4,4,2019,LGA1151,Desktop
AMD Ryzen 3 3200G,144.99,7188,49.57,2218,15.3,65.0,110.58,4,2019,AM4,Desktop
AMD Ryzen 3 1300X,115.0,6925,60.22,2096,18.23,65.0,106.54,4,2017,AM4,Desktop
Intel Pentium Gold G7400,66.99,6896,102.94,3084,46.03,46.0,149.92,2,2022,"LGA1700,BGA1700",Desktop
Intel Core i5-7600K @ 3.80GHz,165.99,6869,41.38,2566,15.46,91.0,75.49,4,2017,LGA1151,Desktop
Intel Core i3-8350K @ 4.00GHz,206.16,6862,33.29,2489,12.07,91.0,75.41,4,2017,LGA1151,Desktop
AMD Ryzen 3 2200G,124.0,6781,54.69,2060,16.61,65.0,104.33,4,2018,AM4,Desktop
Intel Core i3-9100F @ 3.60GHz,124.0,6768,54.58,2519,20.32,65.0,104.12,4,2019,LGA1151,Desktop
Intel Core i5-7640X @ 4.00GHz,65.0,6675,102.69,2511,38.63,112.0,59.6,4,2017,LGA2066,Desktop
Intel Core i3-9100 @ 3.60GHz,169.96,6625,38.98,2519,14.82,65.0,101.93,4,2019,LGA1151,Desktop
Intel Core i5-7600 @ 3.50GHz,169.99,6598,38.81,2476,14.57,65.0,101.5,4,2017,LGA1151,Desktop
AMD Ryzen 3 1200,103.55,6304,60.88,1927,18.61,65.0,96.98,4,2017,AM4,Desktop
Intel Core i3-8100 @ 3.60GHz,169.99,6163,36.26,2240,13.18,65.0,94.82,4,2017,LGA1151,Desktop
Intel Core i3-9300T @ 3.20GHz,143.0,6162,43.09,2318,16.21,35.0,176.07,4,2019,LGA1151,Desktop
Intel Core i3-8300 @ 3.70GHz,265.7,6136,23.1,2262,8.51,62.0,98.97,4,2018,LGA1151,Desktop
Intel Core i5-7600T @ 2.80GHz,298.0,6073,20.38,2231,7.49,35.0,173.5,4,2017,LGA1151,Desktop
Intel Core i3-8300T @ 3.20GHz,158.95,5827,36.66,2005,12.62,25.0,233.07,4,2018,LGA1151,Desktop
Intel Core i5-7400 @ 3.00GHz,175.0,5499,31.42,2103,12.01,65.0,84.6,4,2017,LGA1151,Desktop
Intel Core i3-9100T @ 3.10GHz,122.0,5419,44.42,2106,17.26,35.0,154.82,4,2019,LGA1151,Desktop
Intel Core i5-7500T @ 2.70GHz,188.98,5319,28.15,1964,10.39,35.0,151.97,4,2017,LGA1151,Desktop
Intel Core i3-8100T @ 3.10GHz,262.83,5291,20.13,1922,7.31,35.0,151.18,4,2018,LGA1151,Desktop
Intel Core i5-4670R @ 3.00GHz,276.0,5233,18.96,2164,7.84,65.0,80.5,4,2018,FCBGA1364,Desktop
Intel Core i3-7320 @ 4.10GHz,177.19,4856,27.4,2499,14.1,51.0,95.21,2,2017,LGA1151,Desktop
Intel Core i3-7350K @ 4.20GHz,250.8,4819,19.22,2493,9.94,60.0,80.32,2,2017,LGA1151,Desktop
Intel Core i3-7300 @ 4.00GHz,299.99,4703,15.68,2423,8.08,51.0,92.23,2,2017,LGA1151,Desktop
AMD Athlon 240GE,138.0,4551,32.98,1986,14.39,35.0,130.03,2,2019,AM4,Desktop
Intel Pentium Gold G6605 @ 4.30GHz,124.25,4493,36.16,2658,21.39,58.0,77.47,2,2021,LGA1200,Desktop
AMD Athlon 3000G,54.99,4480,81.47,1999,36.36,35.0,128.01,2,2019,AM4,Desktop
Intel Pentium Gold G6600 @ 4.20GHz,107.35,4396,40.95,2577,24.0,58.0,75.8,2,2021,LGA1200,Desktop
Intel Pentium Gold G6505 @ 4.20GHz,75.0,4378,58.37,2652,35.35,58.0,75.48,2,2021,LGA1200,Desktop
Intel Core i3-7100 @ 3.90GHz,127.99,4342,33.92,2338,18.27,51.0,85.13,2,2017,LGA1151,Desktop
Intel Pentium Gold G6405 @ 4.10GHz,60.1,4285,71.29,2534,42.16,58.0,73.87,2,2021,LGA1200,Desktop
Intel Pentium Gold G5600F @ 3.90GHz,92.99,4160,44.74,2442,26.26,54.0,77.04,2,2019,LGA1151,Desktop
Intel Core i3-7300T @ 3.50GHz,181.59,4159,22.9,2128,11.72,35.0,118.82,2,2017,LGA1151,Desktop
Intel Pentium Gold G6500 @ 4.10GHz,96.99,4147,42.76,2491,25.69,58.0,71.5,2,2020,LGA1200,Desktop
AMD Athlon 200GE,123.89,4135,33.38,1817,14.67,35.0,118.15,2,2018,AM4,Desktop
Intel Pentium Gold G6400 @ 4.00GHz,74.63,4130,55.34,2484,33.29,58.0,71.21,2,2020,LGA1200,Desktop
Intel Pentium Gold G5620 @ 4.00GHz,159.99,4102,25.64,2424,15.15,54.0,75.97,2,2019,LGA1151,Desktop
Intel Pentium Gold G6500T @ 3.50GHz,75.0,4005,53.4,2277,30.36,35.0,114.42,2,2021,LGA1200,Desktop
Intel Core i3-7101TE @ 3.40GHz,117.0,3911,33.43,1997,17.07,35.0,111.75,2,2017,LGA1151,Desktop
AMD PRO A12-9800,169.0,3878,22.95,1775,10.5,65.0,59.66,4,2017,AM4,Desktop
Intel Core i3-7100T @ 3.40GHz,149.88,3787,25.27,2007,13.39,35.0,108.2,2,2017,LGA1151,Desktop
Intel Pentium G4620 @ 3.70GHz,146.0,3777,25.87,2268,15.53,51.0,74.06,2,2017,LGA1151,Desktop
Intel Pentium Gold G5500 @ 3.80GHz,169.87,3770,22.2,2258,13.29,54.0,69.82,2,2018,LGA1151,Desktop
Intel Pentium Gold G5600 @ 3.90GHz,158.0,3769,23.85,2291,14.5,54.0,69.79,2,2018,LGA1151,Desktop
Intel Pentium Gold G6405T @ 3.50GHz,64.0,3746,58.54,2206,34.47,35.0,107.04,2,2021,LGA1200,Desktop
Intel Pentium Gold G5400 @ 3.70GHz,112.88,3723,32.98,2224,19.71,54.0,68.94,2,2018,LGA1151,Desktop
Intel Pentium Gold G5420 @ 3.80GHz,129.55,3641,28.11,2286,17.65,54.0,67.43,2,2019,LGA1151,Desktop
AMD Athlon X4 950,35.99,3611,100.32,1663,46.2,65.0,55.55,4,2017,AM4,Desktop
Intel Pentium Gold G6400T @ 3.40GHz,64.0,3610,56.4,2140,33.44,35.0,103.14,2,2021,LGA1200,Desktop
Intel Pentium G4600 @ 3.60GHz,104.94,3605,34.36,2186,20.83,51.0,70.69,2,2017,LGA1151,Desktop
Intel Pentium G4560 @ 3.50GHz,168.0,3513,20.91,2103,12.52,54.0,65.06,2,2017,LGA1151,Desktop
Intel Pentium Gold G5420T @ 3.20GHz,64.0,3508,54.82,1978,30.9,35.0,100.24,2,2019,LGA1151,Desktop
AMD A12-9800E,371.05,3447,9.29,1604,4.32,35.0,98.49,4,2017,AM4,Desktop
Intel Celeron G6900,49.99,3446,68.93,2587,51.76,46.0,74.91,2,2022,"LGA1700,BGA1700",Desktop
Intel Core i3-4370T @ 3.30GHz,138.0,3368,24.41,1914,13.87,35.0,96.23,2,2017,LGA1150,Desktop
AMD A8-9600,98.99,3291,33.24,1486,15.02,65.0,50.62,4,2017,AM4,Desktop
Intel Pentium Gold G5500T @ 3.20GHz,75.0,3234,43.13,1964,26.18,35.0,92.41,2,2018,LGA1151,Desktop
AMD PRO A12-9800E,169.0,3182,18.83,1551,9.18,35.0,90.92,4,2017,AM4,Desktop
Intel Pentium G4600T @ 3.00GHz,117.99,3130,26.53,1843,15.62,35.0,89.43,2,2017,LGA1151,Desktop
Intel Pentium Silver J5005 @ 1.50GHz,521.99,3040,5.82,1206,2.31,10.0,304,4,2017,FCBGA1090,Desktop
AMD A10-9700E,92.99,2947,31.7,1413,15.2,35.0,84.21,4,2017,AM4,Desktop
Intel Celeron G5925 @ 3.60GHz,53.93,2939,54.49,2282,42.32,58.0,50.67,2,2021,LGA1200,Desktop
Intel Celeron J4105 @ 1.50GHz,107.0,2911,27.21,1097,10.25,10.0,291.14,4,2018,FCBGA1090,Desktop
Intel Pentium G4560T @ 2.90GHz,231.9,2909,12.54,1708,7.36,35.0,83.11,2,2017,LGA1151,Desktop
AMD Athlon X4 830,202.32,2901,14.34,1292,6.39,65.0,44.63,2,2018,FM2+,Desktop
Intel Celeron G5905 @ 3.50GHz,47.19,2815,59.64,2189,46.39,58.0,48.53,2,2020,LGA1200,Desktop
Intel Celeron G5900 @ 3.40GHz,53.99,2790,51.68,2150,39.82,58.0,48.1,2,2020,LGA1200,Desktop
Intel Celeron G4950 @ 3.30GHz,1008.66,2714,2.69,2041,2.02,54.0,50.26,2,2021,LGA1151,Desktop
Intel Celeron G5900T @ 3.20GHz,42.0,2648,63.04,2041,48.6,35.0,75.64,2,2021,LGA1200,Desktop
Intel Celeron G4930 @ 3.20GHz,107.41,2571,23.94,1999,18.61,54.0,47.61,2,2019,LGA1151,Desktop
Intel Celeron G5920 @ 3.50GHz,61.99,2482,40.04,2151,34.7,58.0,42.79,2,2020,LGA1200,Desktop
Intel Celeron G4900 @ 3.10GHz,105.95,2448,23.11,1914,18.06,54.0,45.34,2,2018,LGA1151,Desktop
Intel Celeron G4920 @ 3.20GHz,212.73,2406,11.31,1965,9.24,54.0,44.56,2,2018,LGA1151,Desktop
Intel Celeron G4900T @ 2.90GHz,77.95,2403,30.82,1789,22.96,35.0,68.65,2,2018,LGA1151,Desktop
Intel Celeron G3950 @ 3.00GHz,143.0,2369,16.56,1811,12.66,51.0,46.45,2,2017,LGA1151,Desktop
Intel Celeron G5905T @ 3.30GHz,42.0,2310,55.01,1996,47.52,35.0,66.01,2,2021,LGA1200,Desktop
Intel Celeron G3930 @ 2.90GHz,179.88,2270,12.62,1794,9.97,51.0,44.51,2,2017,LGA1151,Desktop
Intel Celeron G3930TE @ 2.70GHz,42.0,2218,52.82,1706,40.61,35.0,63.38,2,2019,LGA1151,Desktop
Intel Celeron G4930T @ 3.00GHz,42.0,2209,52.6,1742,41.48,35.0,63.12,2,2020,LGA1151,Desktop
Intel Celeron G3930T @ 2.70GHz,97.17,2109,21.7,1650,16.98,35.0,60.26,2,2018,LGA1151,Desktop
AMD A6-7480,37.42,1931,51.61,1638,43.77,65.0,29.71,2,2019,FM2+,Desktop
AMD PRO A6-9500,74.0,1875,25.34,1618,21.87,65.0,28.85,2,2017,AM4,Desktop
AMD A6-9500E,74.45,1841,24.72,1478,19.85,35.0,52.59,2,2018,AM4,Desktop
AMD PRO A6-9500E,74.0,1662,22.46,1493,20.18,35.0,47.5,2,2017,AM4,Desktop
Intel Celeron J4005 @ 2.00GHz,168.75,1581,9.37,1119,6.63,10.0,158.14,2,2018,FCBGA1090,Desktop
AMD Sempron 240,36.1,1278,35.39,1300,36.02,65.0,19.66,2,2018,FM2,Desktop
